{"cameraMode":{"drawMode":0,"name":"Shaded","section":"Shading Mode"},"sceneLighting":true,"audioPlay":false,"sceneViewState":{"showFog":true,"showMaterialUpdate":false,"showSkybox":true,"showFlares":true,"showImageEffects":true,"showParticleSystems":true,"showVisualEffectGraphs":true,"m_FxEnabled":true},"in2DMode":false,"pivot":{"x":-5.887368202209473,"y":0.008278798311948777,"z":-4.8244547843933109},"rotation":{"x":-0.06068595126271248,"y":0.8891997337341309,"z":-0.12376272678375244,"w":-0.43579158186912539},"size":5.032051086425781,"orthographic":false}